Tenure_in_Months,Tenure Group,TenureGrpSorting
1,< 6 Months,1
2,< 6 Months,1
3,< 6 Months,1
4,< 6 Months,1
5,< 6 Months,1
6,6-12 Months,2
7,6-12 Months,2
8,6-12 Months,2
9,6-12 Months,2
10,6-12 Months,2
11,6-12 Months,2
12,12-18 Months,3
13,12-18 Months,3
14,12-18 Months,3
15,12-18 Months,3
16,12-18 Months,3
17,12-18 Months,3
18,18-24 Months,4
19,18-24 Months,4
20,18-24 Months,4
21,18-24 Months,4
22,18-24 Months,4
23,18-24 Months,4
24,>= 24 Months,5
25,>= 24 Months,5
26,>= 24 Months,5
27,>= 24 Months,5
28,>= 24 Months,5
29,>= 24 Months,5
30,>= 24 Months,5
31,>= 24 Months,5
32,>= 24 Months,5
33,>= 24 Months,5
34,>= 24 Months,5
35,>= 24 Months,5
36,>= 24 Months,5
