Age,Age Group,AgeGrpSorting
18,< 20,1
19,< 20,1
20,20 - 35,2
21,20 - 35,2
22,20 - 35,2
23,20 - 35,2
24,20 - 35,2
25,20 - 35,2
26,20 - 35,2
27,20 - 35,2
28,20 - 35,2
29,20 - 35,2
30,20 - 35,2
31,20 - 35,2
32,20 - 35,2
33,20 - 35,2
34,20 - 35,2
35,20 - 35,2
36,36 - 50,3
37,36 - 50,3
38,36 - 50,3
39,36 - 50,3
40,36 - 50,3
41,36 - 50,3
42,36 - 50,3
43,36 - 50,3
44,36 - 50,3
45,36 - 50,3
46,36 - 50,3
47,36 - 50,3
48,36 - 50,3
49,36 - 50,3
50,36 - 50,3
51,> 50,4
52,> 50,4
53,> 50,4
54,> 50,4
55,> 50,4
56,> 50,4
57,> 50,4
58,> 50,4
59,> 50,4
60,> 50,4
61,> 50,4
62,> 50,4
63,> 50,4
64,> 50,4
65,> 50,4
66,> 50,4
67,> 50,4
68,> 50,4
69,> 50,4
70,> 50,4
71,> 50,4
72,> 50,4
73,> 50,4
74,> 50,4
75,> 50,4
76,> 50,4
77,> 50,4
78,> 50,4
79,> 50,4
80,> 50,4
81,> 50,4
82,> 50,4
83,> 50,4
84,> 50,4
85,> 50,4
